date,category,amount,account,mask,type,subtype,balances.current,balances.available,balances.limit
2024-08-04,FOOD_AND_DRINK_COFFEE,10.74,Chase Freedom Student,6946,credit,credit card,10.74,689.26,700
2024-08-06,FOOD_AND_DRINK_FAST_FOOD,10.39,Amex Green,01009,credit,credit card,10.39,,
2024-08-09,TRANSPORTATION_GAS,48.18,Prime Visa,8104,credit,credit card,48.18,5951.82,6000
2024-08-10,TRAVEL_FLIGHTS,202.44,Amex Green,01009,credit,credit card,212.83,,
2024-08-11,TRAVEL_FLIGHTS,188.09,Amex Green,01009,credit,credit card,400.92,,
2024-08-15,GENERAL_MERCHANDISE_CLOTHING_AND_ACCESSORIES,25.4,Chase Freedom Student,6946,credit,credit card,36.14,663.86,700
2024-08-17,RENT_AND_UTILITIES_GAS_AND_ELECTRICITY,469.48,Prime Visa,8104,credit,credit card,517.66,5482.34,6000
2024-08-22,GENERAL_MERCHANDISE_ELECTRONICS,75.3,Chase Freedom Student,6946,credit,credit card,111.44,588.56,700